<?xml version="1.0" encoding="UTF-8" standalone="yes"?>
<manifest>
  <control namespace="dxComponent" constructor="dxIframeControl" version="0.0.1" display-name-key="dxIframeControl" description-key="dxIframeControl description" control-type="standard" api-version="1.3.4">
    <external-service-usage enabled="false"/>
    <property name="controlSRC" display-name-key="SRC" description-key="Specifies the address of the document to embed in the &lt;iframe>" of-type="SingleLine.Text" usage="bound" required="true"/>
    <property name="controlSRCDOC" display-name-key="SRCDOC" description-key="Specifies the HTML content of the page to show in the &lt;iframe>" of-type="SingleLine.TextArea" usage="bound" required="true"/>
    <property name="controlWidth" display-name-key="Width" description-key="Specifies the width of an &lt;iframe>. Default width is 300 pixels" of-type="Decimal" usage="bound" required="true"/>
    <property name="controlHeight" display-name-key="Height" description-key="Specifies the height of an &lt;iframe>. Default height is 150 pixels" of-type="Decimal" usage="bound" required="true"/>
    <property name="controlAllow" display-name-key="Allow" description-key="Specifies a feature policy for the &lt;iframe>" of-type="SingleLine.Text" usage="bound" required="true"/>
    <property name="controlAllowPaymentRequest" display-name-key="Allow Payment Request" description-key="Set to true if a cross-origin &lt;iframe> should be allowed to invoke the Payment Request API" of-type="TwoOptions" usage="bound" required="true"/>
    <property name="controlAllowfullScreen" display-name-key="Allow Full Screen" description-key="Set to true if the &lt;iframe> can activate fullscreen mode by calling the requestFullscreen() method" of-type="TwoOptions" usage="bound" required="true"/>
    <resources>
      <code path="bundle.js" order="1"/>
      <css path="css/dxIframeControl.css" order="1"/>
    </resources>
    <built-by name="pac" version="1.15.3"/>
  </control>
</manifest>